Order_ID,Order_Date,Customer_ID,Region,Category,Product,Quantity,Unit_Price,Discount,Sales,Cost,Profit,Payment_Method
ORD10001,2025-01-01,CUST1209,West,Electronics,Wireless Headphones,3,653.76,0.1,1765.15,1372.47,392.68,UPI
ORD10002,2025-01-01,CUST1050,East,Beauty,Shampoo,2,2912.09,0.2,4659.34,3124.2,1535.14,UPI
ORD10003,2025-01-02,CUST1008,East,Beauty,Perfume,2,1035.47,0.05,1967.39,1588.28,379.11,Debit Card
ORD10004,2025-01-03,CUST1160,West,Home & Kitchen,Storage Box,2,1168.26,0.1,2102.87,1526.08,576.79,Debit Card
ORD10005,2025-01-03,CUST1118,North,Home & Kitchen,Cookware Set,3,3904.01,0.15,9955.23,5786.9,4168.33,Cash on Delivery
ORD10006,2025-01-04,CUST1185,West,Sports,Running Shoes,2,2539.69,0.1,4571.44,3606.75,964.69,Cash on Delivery
ORD10007,2025-01-05,CUST1024,West,Electronics,Bluetooth Speaker,5,5554.56,0.15,23606.88,16102.29,7504.59,Credit Card
ORD10008,2025-01-06,CUST1018,East,Beauty,Face Wash,3,2119.19,0.1,5721.81,3365.81,2356.0,Cash on Delivery
ORD10009,2025-01-06,CUST1125,East,Clothing,Jeans,5,4439.23,0.05,21086.34,12466.8,8619.54,Debit Card
ORD10010,2025-01-07,CUST1195,East,Electronics,Wireless Headphones,4,2928.27,0.15,9956.12,7324.06,2632.06,Credit Card
ORD10011,2025-01-08,CUST1090,South,Home & Kitchen,Storage Box,2,4061.72,0.0,8123.44,4571.8,3551.64,Cash on Delivery
ORD10012,2025-01-09,CUST1176,West,Sports,Cricket Bat,2,3718.26,0.05,7064.69,4432.25,2632.44,UPI
ORD10013,2025-01-09,CUST1200,North,Beauty,Perfume,4,2994.87,0.1,10781.53,6336.77,4444.76,Debit Card
ORD10014,2025-01-10,CUST1192,South,Beauty,Perfume,2,5715.35,0.15,9716.1,6500.95,3215.15,Cash on Delivery
ORD10015,2025-01-11,CUST1112,East,Beauty,Perfume,2,2253.47,0.15,3830.9,2535.58,1295.32,Debit Card
ORD10016,2025-01-11,CUST1154,West,Beauty,Face Wash,5,1310.24,0.05,6223.64,4299.95,1923.69,Cash on Delivery
ORD10017,2025-01-12,CUST1116,South,Home & Kitchen,Storage Box,3,4165.14,0.0,12495.42,7815.91,4679.51,UPI
ORD10018,2025-01-13,CUST1149,South,Electronics,Wireless Headphones,1,5122.24,0.2,4097.79,2289.24,1808.55,Debit Card
ORD10019,2025-01-14,CUST1125,North,Sports,Running Shoes,3,529.45,0.05,1508.93,1080.22,428.71,Cash on Delivery
ORD10020,2025-01-14,CUST1116,North,Home & Kitchen,Bedsheet,3,2862.91,0.05,8159.29,5310.91,2848.38,Debit Card
ORD10021,2025-01-15,CUST1097,North,Home & Kitchen,Cookware Set,5,5387.18,0.05,25589.1,18574.12,7014.98,Cash on Delivery
ORD10022,2025-01-16,CUST1144,North,Clothing,T-Shirt,4,4572.83,0.1,16462.19,9537.21,6924.98,Credit Card
ORD10023,2025-01-17,CUST1166,West,Electronics,Wireless Headphones,1,5953.3,0.15,5060.3,2801.99,2258.31,Debit Card
ORD10024,2025-01-17,CUST1203,West,Sports,Football,1,3329.06,0.15,2829.7,1746.04,1083.66,Credit Card
ORD10025,2025-01-18,CUST1135,West,Beauty,Moisturizer,4,4061.98,0.15,13810.73,9298.32,4512.41,Cash on Delivery
ORD10026,2025-01-19,CUST1023,North,Beauty,Moisturizer,1,2024.14,0.05,1922.93,1262.21,660.72,UPI
ORD10027,2025-01-19,CUST1130,North,Home & Kitchen,Storage Box,2,5700.95,0.05,10831.8,8327.29,2504.51,Credit Card
ORD10028,2025-01-20,CUST1070,South,Sports,Yoga Mat,1,2388.11,0.1,2149.3,1401.38,747.92,UPI
ORD10029,2025-01-21,CUST1006,East,Home & Kitchen,Storage Box,1,4509.51,0.0,4509.51,3126.08,1383.43,Debit Card
ORD10030,2025-01-22,CUST1016,South,Home & Kitchen,Storage Box,5,2597.9,0.05,12340.02,8764.49,3575.53,UPI
ORD10031,2025-01-22,CUST1131,South,Home & Kitchen,Bedsheet,1,3502.37,0.05,3327.25,1849.6,1477.65,Credit Card
ORD10032,2025-01-23,CUST1208,North,Clothing,T-Shirt,1,4402.76,0.0,4402.76,3033.88,1368.88,Cash on Delivery
ORD10033,2025-01-24,CUST1112,East,Electronics,Wireless Headphones,5,3200.92,0.1,14404.14,9263.37,5140.77,Credit Card
ORD10034,2025-01-25,CUST1098,South,Home & Kitchen,Cookware Set,1,5470.39,0.15,4649.83,3086.3,1563.53,UPI
ORD10035,2025-01-25,CUST1020,North,Sports,Cricket Bat,5,2690.02,0.0,13450.1,7761.75,5688.35,UPI
ORD10036,2025-01-26,CUST1149,East,Electronics,Wireless Headphones,1,3988.31,0.1,3589.48,2732.89,856.59,UPI
ORD10037,2025-01-27,CUST1013,West,Sports,Running Shoes,1,2251.47,0.15,1913.75,1539.51,374.24,Cash on Delivery
ORD10038,2025-01-27,CUST1186,North,Sports,Yoga Mat,1,2626.49,0.15,2232.52,1241.31,991.21,Debit Card
ORD10039,2025-01-28,CUST1180,South,Clothing,Kurta,4,2808.29,0.15,9548.19,6801.85,2746.34,Cash on Delivery
ORD10040,2025-01-29,CUST1219,West,Beauty,Face Wash,4,1017.1,0.1,3661.56,2769.01,892.55,UPI
ORD10041,2025-01-30,CUST1063,East,Electronics,Bluetooth Speaker,3,822.82,0.15,2098.19,1315.35,782.84,Credit Card
ORD10042,2025-01-30,CUST1036,West,Beauty,Face Wash,2,4104.69,0.05,7798.91,5947.76,1851.15,UPI
ORD10043,2025-01-31,CUST1066,South,Beauty,Face Wash,1,4036.45,0.05,3834.63,2763.76,1070.87,Credit Card
ORD10044,2025-02-01,CUST1176,South,Clothing,T-Shirt,3,4078.59,0.05,11623.98,9309.34,2314.64,Debit Card
ORD10045,2025-02-02,CUST1049,East,Electronics,Power Bank,2,412.67,0.1,742.81,605.29,137.52,Cash on Delivery
ORD10046,2025-02-02,CUST1196,North,Sports,Yoga Mat,3,2161.32,0.05,6159.76,3458.3,2701.46,Credit Card
ORD10047,2025-02-03,CUST1034,North,Home & Kitchen,Cookware Set,4,1427.52,0.05,5424.58,3635.19,1789.39,Cash on Delivery
ORD10048,2025-02-04,CUST1011,East,Sports,Cricket Bat,5,4735.46,0.15,20125.7,14041.43,6084.27,Debit Card
ORD10049,2025-02-05,CUST1049,East,Beauty,Shampoo,3,5205.59,0.05,14835.93,8747.57,6088.36,Credit Card
ORD10050,2025-02-05,CUST1166,North,Beauty,Shampoo,1,1706.08,0.05,1620.78,1038.59,582.19,Cash on Delivery
ORD10051,2025-02-06,CUST1133,East,Beauty,Perfume,2,4106.74,0.0,8213.48,6707.66,1505.82,Credit Card
ORD10052,2025-02-07,CUST1079,South,Electronics,Smart Watch,5,1037.37,0.1,4668.16,2587.94,2080.22,UPI
ORD10053,2025-02-07,CUST1145,East,Clothing,Jacket,3,1868.37,0.05,5324.85,3579.24,1745.61,Cash on Delivery
ORD10054,2025-02-08,CUST1143,West,Home & Kitchen,Cookware Set,4,1090.33,0.05,4143.25,3221.45,921.8,Cash on Delivery
ORD10055,2025-02-09,CUST1123,North,Home & Kitchen,Storage Box,3,1916.07,0.05,5460.8,3481.01,1979.79,UPI
ORD10056,2025-02-10,CUST1114,West,Electronics,Bluetooth Speaker,1,4146.0,0.15,3524.1,2394.79,1129.31,Cash on Delivery
ORD10057,2025-02-10,CUST1023,South,Home & Kitchen,Bedsheet,5,5488.86,0.2,21955.44,17873.32,4082.12,Cash on Delivery
ORD10058,2025-02-11,CUST1058,West,Electronics,Power Bank,4,1454.38,0.1,5235.77,3550.99,1684.78,Cash on Delivery
ORD10059,2025-02-12,CUST1117,South,Beauty,Perfume,5,3389.85,0.1,15254.32,8929.1,6325.22,Credit Card
ORD10060,2025-02-13,CUST1030,South,Beauty,Perfume,5,4297.93,0.15,18266.2,10301.49,7964.71,Debit Card
ORD10061,2025-02-13,CUST1105,West,Sports,Cricket Bat,2,5731.66,0.2,9170.66,7384.79,1785.87,Debit Card
ORD10062,2025-02-14,CUST1026,East,Beauty,Face Wash,2,3777.34,0.1,6799.21,4227.53,2571.68,Debit Card
ORD10063,2025-02-15,CUST1174,North,Clothing,Jeans,2,1754.11,0.15,2981.99,2045.94,936.05,Debit Card
ORD10064,2025-02-15,CUST1023,East,Sports,Yoga Mat,5,3865.23,0.2,15460.92,8882.14,6578.78,Debit Card
ORD10065,2025-02-16,CUST1021,West,Home & Kitchen,Storage Box,3,2126.8,0.15,5423.34,3603.2,1820.14,Debit Card
ORD10066,2025-02-17,CUST1141,South,Clothing,T-Shirt,3,5863.93,0.1,15832.61,12683.95,3148.66,Debit Card
ORD10067,2025-02-18,CUST1049,West,Sports,Yoga Mat,5,2578.15,0.0,12890.75,8838.56,4052.19,Debit Card
ORD10068,2025-02-18,CUST1078,East,Clothing,T-Shirt,4,4206.94,0.0,16827.76,13667.62,3160.14,UPI
ORD10069,2025-02-19,CUST1070,South,Electronics,Bluetooth Speaker,5,432.4,0.1,1945.8,1206.17,739.63,UPI
ORD10070,2025-02-20,CUST1048,North,Home & Kitchen,Bedsheet,5,2580.35,0.1,11611.58,7968.18,3643.4,Cash on Delivery
ORD10071,2025-02-21,CUST1168,East,Beauty,Perfume,1,5288.11,0.1,4759.3,3722.12,1037.18,Cash on Delivery
ORD10072,2025-02-21,CUST1153,North,Electronics,Smart Watch,2,3778.3,0.1,6800.94,4563.62,2237.32,Debit Card
ORD10073,2025-02-22,CUST1053,West,Home & Kitchen,Cookware Set,4,2830.47,0.1,10189.69,6373.26,3816.43,UPI
ORD10074,2025-02-23,CUST1152,East,Electronics,Wireless Headphones,5,5634.84,0.15,23948.07,18702.92,5245.15,Cash on Delivery
ORD10075,2025-02-23,CUST1157,South,Beauty,Face Wash,1,5167.71,0.0,5167.71,3386.25,1781.46,UPI
ORD10076,2025-02-24,CUST1119,North,Home & Kitchen,Cookware Set,2,2136.63,0.05,4059.6,2814.5,1245.1,Credit Card
ORD10077,2025-02-25,CUST1128,East,Clothing,Jacket,3,3403.93,0.15,8680.02,7062.61,1617.41,Credit Card
ORD10078,2025-02-26,CUST1206,North,Clothing,Kurta,4,3092.0,0.15,10512.8,6311.36,4201.44,UPI
ORD10079,2025-02-26,CUST1100,South,Home & Kitchen,Storage Box,1,3903.55,0.2,3122.84,1971.69,1151.15,Cash on Delivery
ORD10080,2025-02-27,CUST1085,West,Beauty,Face Wash,4,2204.43,0.15,7495.06,4185.16,3309.9,Debit Card
ORD10081,2025-02-28,CUST1119,West,Sports,Yoga Mat,2,1691.97,0.15,2876.35,1886.3,990.05,Credit Card
ORD10082,2025-03-01,CUST1184,West,Home & Kitchen,Storage Box,2,5502.23,0.05,10454.24,6314.88,4139.36,Debit Card
ORD10083,2025-03-01,CUST1157,West,Electronics,Wireless Headphones,3,5566.08,0.1,15028.42,11024.99,4003.43,UPI
ORD10084,2025-03-02,CUST1017,East,Sports,Yoga Mat,3,5106.94,0.05,14554.78,8717.68,5837.1,Credit Card
ORD10085,2025-03-03,CUST1102,North,Beauty,Moisturizer,4,5875.77,0.1,21152.77,15488.05,5664.72,Debit Card
ORD10086,2025-03-04,CUST1163,West,Beauty,Perfume,2,4546.45,0.2,7274.32,4518.36,2755.96,Credit Card
ORD10087,2025-03-04,CUST1050,West,Electronics,Bluetooth Speaker,5,4658.6,0.05,22128.35,14292.9,7835.45,Cash on Delivery
ORD10088,2025-03-05,CUST1218,West,Clothing,T-Shirt,1,4646.76,0.1,4182.08,2694.06,1488.02,UPI
ORD10089,2025-03-06,CUST1178,East,Beauty,Perfume,5,3039.46,0.05,14437.44,10734.57,3702.87,UPI
ORD10090,2025-03-06,CUST1187,North,Sports,Football,1,2901.78,0.05,2756.69,1863.41,893.28,Debit Card
ORD10091,2025-03-07,CUST1018,East,Home & Kitchen,Storage Box,4,1669.29,0.05,6343.3,4107.61,2235.69,Cash on Delivery
ORD10092,2025-03-08,CUST1128,South,Sports,Football,2,3975.47,0.0,7950.94,6203.39,1747.55,Credit Card
ORD10093,2025-03-09,CUST1117,West,Sports,Yoga Mat,2,1949.12,0.2,3118.59,2196.82,921.77,UPI
ORD10094,2025-03-09,CUST1138,South,Clothing,Jacket,1,1769.51,0.1,1592.56,967.85,624.71,Cash on Delivery
ORD10095,2025-03-10,CUST1188,South,Sports,Running Shoes,4,3639.98,0.15,12375.93,9814.42,2561.51,Credit Card
ORD10096,2025-03-11,CUST1078,North,Clothing,Jacket,1,2636.9,0.1,2373.21,1524.82,848.39,UPI
ORD10097,2025-03-12,CUST1118,West,Clothing,Kurta,4,1547.48,0.05,5880.42,3296.12,2584.3,Debit Card
ORD10098,2025-03-12,CUST1150,West,Beauty,Perfume,4,4951.52,0.05,18815.78,12861.38,5954.4,Credit Card
ORD10099,2025-03-13,CUST1166,North,Beauty,Shampoo,5,5205.25,0.15,22122.31,12907.56,9214.75,Cash on Delivery
ORD10100,2025-03-14,CUST1170,South,Electronics,Bluetooth Speaker,4,1255.89,0.05,4772.38,2932.08,1840.3,Credit Card
ORD10101,2025-03-14,CUST1075,South,Sports,Cricket Bat,2,342.79,0.2,548.46,412.29,136.17,Debit Card
ORD10102,2025-03-15,CUST1220,South,Electronics,Power Bank,4,2215.94,0.0,8863.76,5187.99,3675.77,Debit Card
ORD10103,2025-03-16,CUST1003,West,Sports,Cricket Bat,5,4845.81,0.1,21806.15,16744.4,5061.75,UPI
ORD10104,2025-03-17,CUST1109,North,Electronics,Wireless Headphones,2,5083.29,0.15,8641.59,6938.89,1702.7,Credit Card
ORD10105,2025-03-17,CUST1134,South,Beauty,Perfume,1,1088.48,0.05,1034.06,738.07,295.99,UPI
ORD10106,2025-03-18,CUST1014,North,Beauty,Shampoo,5,4713.71,0.05,22390.12,16608.92,5781.2,Debit Card
ORD10107,2025-03-19,CUST1100,North,Beauty,Moisturizer,1,959.51,0.2,767.61,570.08,197.53,Cash on Delivery
ORD10108,2025-03-20,CUST1132,West,Beauty,Shampoo,3,2523.36,0.05,7191.58,5883.13,1308.45,Cash on Delivery
ORD10109,2025-03-20,CUST1134,West,Home & Kitchen,Storage Box,2,5992.07,0.1,10785.73,6926.76,3858.97,Credit Card
ORD10110,2025-03-21,CUST1027,North,Beauty,Perfume,1,1397.77,0.1,1257.99,747.21,510.78,Credit Card
ORD10111,2025-03-22,CUST1062,East,Clothing,Jacket,4,1177.59,0.05,4474.84,3088.42,1386.42,Debit Card
ORD10112,2025-03-22,CUST1054,North,Beauty,Moisturizer,1,2709.96,0.15,2303.47,1598.56,704.91,Debit Card
ORD10113,2025-03-23,CUST1141,North,Home & Kitchen,Storage Box,4,3832.11,0.15,13029.17,7791.92,5237.25,Cash on Delivery
ORD10114,2025-03-24,CUST1073,South,Home & Kitchen,Cookware Set,4,5617.53,0.05,21346.61,15274.34,6072.27,UPI
ORD10115,2025-03-25,CUST1126,North,Home & Kitchen,Bedsheet,1,5890.68,0.15,5007.08,2772.99,2234.09,UPI
ORD10116,2025-03-25,CUST1161,South,Home & Kitchen,Bedsheet,1,696.95,0.05,662.1,529.99,132.11,Credit Card
ORD10117,2025-03-26,CUST1176,West,Electronics,Wireless Headphones,4,1086.59,0.0,4346.36,2700.98,1645.38,Credit Card
ORD10118,2025-03-27,CUST1041,East,Electronics,Smart Watch,3,4807.21,0.1,12979.47,7277.35,5702.12,Credit Card
ORD10119,2025-03-28,CUST1199,East,Clothing,T-Shirt,1,1842.6,0.2,1474.08,853.83,620.25,Cash on Delivery
ORD10120,2025-03-28,CUST1037,South,Electronics,Wireless Headphones,5,5343.64,0.0,26718.2,16428.15,10290.05,UPI
ORD10121,2025-03-29,CUST1005,North,Home & Kitchen,Cookware Set,2,4081.68,0.05,7755.19,4838.89,2916.3,Cash on Delivery
ORD10122,2025-03-30,CUST1010,North,Beauty,Moisturizer,1,937.52,0.1,843.77,471.55,372.22,Debit Card
ORD10123,2025-03-30,CUST1045,South,Beauty,Face Wash,5,5045.42,0.15,21443.04,13411.03,8032.01,Debit Card
ORD10124,2025-03-31,CUST1193,North,Home & Kitchen,Cookware Set,1,1305.23,0.0,1305.23,785.87,519.36,Debit Card
ORD10125,2025-04-01,CUST1046,West,Sports,Cricket Bat,3,2713.92,0.05,7734.67,5044.77,2689.9,UPI
ORD10126,2025-04-02,CUST1153,West,Home & Kitchen,Mixer,5,3447.45,0.15,14651.66,9582.12,5069.54,Debit Card
ORD10127,2025-04-02,CUST1093,West,Electronics,Smart Watch,3,3154.37,0.05,8989.95,5767.34,3222.61,UPI
ORD10128,2025-04-03,CUST1009,East,Beauty,Moisturizer,3,4211.13,0.05,12001.72,7663.57,4338.15,Debit Card
ORD10129,2025-04-04,CUST1098,East,Home & Kitchen,Bedsheet,2,4020.31,0.05,7638.59,4386.29,3252.3,Debit Card
ORD10130,2025-04-05,CUST1007,East,Beauty,Moisturizer,1,5954.64,0.1,5359.18,2984.02,2375.16,Debit Card
ORD10131,2025-04-05,CUST1105,South,Home & Kitchen,Bedsheet,3,5996.7,0.1,16191.09,9788.66,6402.43,Credit Card
ORD10132,2025-04-06,CUST1123,East,Home & Kitchen,Cookware Set,5,3243.82,0.15,13786.24,10398.9,3387.34,Credit Card
ORD10133,2025-04-07,CUST1115,West,Electronics,Smart Watch,1,842.63,0.1,758.37,619.98,138.39,Credit Card
ORD10134,2025-04-08,CUST1063,West,Home & Kitchen,Cookware Set,5,4448.71,0.1,20019.2,16029.41,3989.79,UPI
ORD10135,2025-04-08,CUST1169,East,Beauty,Face Wash,3,5866.99,0.2,14080.78,9661.38,4419.4,Debit Card
ORD10136,2025-04-09,CUST1132,North,Clothing,Kurta,3,2114.46,0.1,5709.04,3959.75,1749.29,UPI
ORD10137,2025-04-10,CUST1057,East,Beauty,Face Wash,1,2928.89,0.1,2636.0,1673.69,962.31,Credit Card
ORD10138,2025-04-10,CUST1096,South,Electronics,Smart Watch,4,2721.23,0.2,8707.94,6609.01,2098.93,Debit Card
ORD10139,2025-04-11,CUST1024,East,Clothing,Jacket,1,593.09,0.05,563.44,426.23,137.21,UPI
ORD10140,2025-04-12,CUST1204,East,Home & Kitchen,Storage Box,2,4131.91,0.15,7024.25,5464.54,1559.71,Cash on Delivery
ORD10141,2025-04-13,CUST1166,West,Sports,Cricket Bat,4,2314.02,0.15,7867.67,6229.51,1638.16,Credit Card
ORD10142,2025-04-13,CUST1064,South,Clothing,Jacket,1,4788.54,0.0,4788.54,3195.27,1593.27,UPI
ORD10143,2025-04-14,CUST1149,West,Clothing,Jacket,3,5043.08,0.1,13616.32,10308.32,3308.0,Debit Card
ORD10144,2025-04-15,CUST1150,West,Home & Kitchen,Cookware Set,3,4981.02,0.05,14195.91,10898.59,3297.32,Debit Card
ORD10145,2025-04-16,CUST1135,South,Sports,Football,1,2675.0,0.05,2541.25,1609.33,931.92,Debit Card
ORD10146,2025-04-16,CUST1012,South,Sports,Running Shoes,2,2132.81,0.1,3839.06,3074.69,764.37,Cash on Delivery
ORD10147,2025-04-17,CUST1194,East,Electronics,Smart Watch,2,4568.28,0.05,8679.73,4994.94,3684.79,Credit Card
ORD10148,2025-04-18,CUST1211,West,Clothing,Kurta,4,4867.92,0.15,16550.93,13546.15,3004.78,Cash on Delivery
ORD10149,2025-04-18,CUST1215,East,Sports,Football,5,3100.17,0.2,12400.68,9398.78,3001.9,Credit Card
ORD10150,2025-04-19,CUST1216,West,Electronics,Power Bank,5,5390.28,0.15,22908.69,13176.69,9732.0,Debit Card
ORD10151,2025-04-20,CUST1205,South,Sports,Running Shoes,1,1120.28,0.05,1064.27,773.92,290.35,UPI
ORD10152,2025-04-21,CUST1163,East,Clothing,Kurta,1,5310.69,0.05,5045.16,2821.4,2223.76,Debit Card
ORD10153,2025-04-21,CUST1013,South,Sports,Yoga Mat,1,847.74,0.05,805.35,610.42,194.93,Credit Card
ORD10154,2025-04-22,CUST1103,West,Clothing,Jacket,3,1175.1,0.0,3525.3,2699.64,825.66,Debit Card
ORD10155,2025-04-23,CUST1054,South,Home & Kitchen,Bedsheet,1,3342.89,0.2,2674.31,1905.85,768.46,Cash on Delivery
ORD10156,2025-04-24,CUST1049,East,Beauty,Shampoo,2,684.86,0.1,1232.75,963.21,269.54,Cash on Delivery
ORD10157,2025-04-24,CUST1183,North,Electronics,Power Bank,5,601.0,0.05,2854.75,1645.56,1209.19,Cash on Delivery
ORD10158,2025-04-25,CUST1179,West,Home & Kitchen,Bedsheet,5,302.96,0.15,1287.58,804.09,483.49,UPI
ORD10159,2025-04-26,CUST1115,South,Home & Kitchen,Mixer,5,2787.0,0.05,13238.25,8761.44,4476.81,UPI
ORD10160,2025-04-26,CUST1162,South,Beauty,Moisturizer,2,4715.36,0.0,9430.72,5295.01,4135.71,Cash on Delivery
ORD10161,2025-04-27,CUST1029,East,Sports,Yoga Mat,4,498.58,0.05,1894.6,1271.31,623.29,Credit Card
ORD10162,2025-04-28,CUST1049,South,Beauty,Shampoo,4,4017.87,0.1,14464.33,8991.14,5473.19,UPI
ORD10163,2025-04-29,CUST1190,West,Home & Kitchen,Mixer,1,4991.83,0.15,4243.06,2783.61,1459.45,Credit Card
ORD10164,2025-04-29,CUST1100,East,Home & Kitchen,Mixer,3,1257.6,0.05,3584.16,2382.67,1201.49,Cash on Delivery
ORD10165,2025-04-30,CUST1121,East,Home & Kitchen,Bedsheet,3,1137.12,0.2,2729.09,2149.0,580.09,Credit Card
ORD10166,2025-05-01,CUST1102,North,Sports,Cricket Bat,2,5206.57,0.15,8851.17,5514.21,3336.96,UPI
ORD10167,2025-05-02,CUST1045,North,Clothing,Kurta,4,4991.81,0.15,16972.15,13430.24,3541.91,Debit Card
ORD10168,2025-05-02,CUST1182,South,Electronics,Power Bank,4,3371.97,0.05,12813.49,8521.13,4292.36,UPI
ORD10169,2025-05-03,CUST1167,West,Clothing,Jacket,3,4969.44,0.0,14908.32,9519.08,5389.24,Credit Card
ORD10170,2025-05-04,CUST1151,West,Electronics,Wireless Headphones,4,828.71,0.15,2817.61,1931.97,885.64,UPI
ORD10171,2025-05-05,CUST1078,East,Electronics,Power Bank,4,2548.54,0.05,9684.45,6418.76,3265.69,Debit Card
ORD10172,2025-05-05,CUST1142,East,Electronics,Bluetooth Speaker,3,4505.45,0.1,12164.71,7535.92,4628.79,Credit Card
ORD10173,2025-05-06,CUST1210,South,Beauty,Shampoo,2,1767.48,0.15,3004.72,2060.41,944.31,Cash on Delivery
ORD10174,2025-05-07,CUST1143,North,Beauty,Face Wash,4,4588.27,0.0,18353.08,10846.42,7506.66,Credit Card
ORD10175,2025-05-07,CUST1109,North,Beauty,Shampoo,4,3173.82,0.15,10790.99,6960.42,3830.57,UPI
ORD10176,2025-05-08,CUST1060,South,Home & Kitchen,Bedsheet,5,4576.52,0.2,18306.08,12864.84,5441.24,UPI
ORD10177,2025-05-09,CUST1116,South,Beauty,Shampoo,1,2948.67,0.15,2506.37,1658.27,848.1,UPI
ORD10178,2025-05-10,CUST1082,North,Electronics,Wireless Headphones,3,2397.05,0.1,6472.04,4999.37,1472.67,Credit Card
ORD10179,2025-05-10,CUST1135,South,Sports,Cricket Bat,5,1549.38,0.15,6584.87,4078.11,2506.76,UPI
ORD10180,2025-05-11,CUST1011,North,Home & Kitchen,Storage Box,3,1487.76,0.1,4016.95,3261.11,755.84,Credit Card
ORD10181,2025-05-12,CUST1042,East,Sports,Cricket Bat,5,4583.5,0.15,19479.88,14841.23,4638.65,Cash on Delivery
ORD10182,2025-05-13,CUST1174,West,Electronics,Wireless Headphones,1,977.79,0.15,831.12,674.25,156.87,Cash on Delivery
ORD10183,2025-05-13,CUST1084,East,Home & Kitchen,Storage Box,1,790.1,0.15,671.58,521.35,150.23,Debit Card
ORD10184,2025-05-14,CUST1096,South,Beauty,Perfume,4,1304.86,0.05,4958.47,2917.41,2041.06,Cash on Delivery
ORD10185,2025-05-15,CUST1120,South,Home & Kitchen,Mixer,2,1299.48,0.0,2598.96,1798.86,800.1,Cash on Delivery
ORD10186,2025-05-15,CUST1097,South,Home & Kitchen,Storage Box,3,4991.71,0.05,14226.37,8477.41,5748.96,Debit Card
ORD10187,2025-05-16,CUST1167,North,Electronics,Smart Watch,3,2571.49,0.1,6943.02,5352.52,1590.5,Cash on Delivery
ORD10188,2025-05-17,CUST1054,East,Clothing,Kurta,3,5945.21,0.1,16052.07,11360.43,4691.64,UPI
ORD10189,2025-05-18,CUST1167,East,Clothing,Jeans,5,1082.1,0.1,4869.45,3024.57,1844.88,Cash on Delivery
ORD10190,2025-05-18,CUST1047,North,Clothing,Jacket,1,4025.18,0.05,3823.92,3062.93,760.99,Credit Card
ORD10191,2025-05-19,CUST1082,South,Beauty,Perfume,4,2857.76,0.15,9716.38,5646.19,4070.19,Debit Card
ORD10192,2025-05-20,CUST1130,South,Beauty,Perfume,5,2539.63,0.2,10158.52,7133.75,3024.77,Cash on Delivery
ORD10193,2025-05-21,CUST1195,North,Beauty,Perfume,4,5287.98,0.05,20094.32,14963.86,5130.46,Credit Card
ORD10194,2025-05-21,CUST1052,East,Clothing,Jacket,2,5860.9,0.15,9963.53,5638.25,4325.28,UPI
ORD10195,2025-05-22,CUST1130,East,Sports,Yoga Mat,1,5275.3,0.1,4747.77,3377.66,1370.11,Credit Card
ORD10196,2025-05-23,CUST1015,East,Electronics,Smart Watch,4,1396.11,0.1,5026.0,3871.49,1154.51,Credit Card
ORD10197,2025-05-23,CUST1017,East,Clothing,Kurta,3,1558.55,0.05,4441.87,2524.01,1917.86,Cash on Delivery
ORD10198,2025-05-24,CUST1169,West,Electronics,Bluetooth Speaker,1,4039.62,0.15,3433.68,2363.42,1070.26,Cash on Delivery
ORD10199,2025-05-25,CUST1159,West,Clothing,T-Shirt,2,1947.78,0.2,3116.45,1931.61,1184.84,Debit Card
ORD10200,2025-05-26,CUST1083,East,Sports,Yoga Mat,5,4487.93,0.15,19073.7,13904.53,5169.17,Cash on Delivery
ORD10201,2025-05-26,CUST1138,West,Clothing,Kurta,2,3528.6,0.2,5645.76,3286.07,2359.69,Credit Card
ORD10202,2025-05-27,CUST1084,South,Sports,Cricket Bat,1,3440.18,0.2,2752.14,2209.98,542.16,Credit Card
ORD10203,2025-05-28,CUST1061,West,Home & Kitchen,Mixer,4,5022.72,0.05,19086.34,15108.3,3978.04,Cash on Delivery
ORD10204,2025-05-29,CUST1095,West,Beauty,Face Wash,1,4350.04,0.1,3915.04,2349.86,1565.18,Debit Card
ORD10205,2025-05-29,CUST1069,East,Home & Kitchen,Mixer,5,451.49,0.1,2031.7,1294.77,736.93,Debit Card
ORD10206,2025-05-30,CUST1180,West,Clothing,Kurta,5,581.92,0.2,2327.68,1649.54,678.14,Credit Card
ORD10207,2025-05-31,CUST1091,East,Beauty,Face Wash,5,3728.88,0.0,18644.4,13869.14,4775.26,Debit Card
ORD10208,2025-05-31,CUST1071,East,Sports,Cricket Bat,5,3071.29,0.1,13820.8,9253.26,4567.54,Cash on Delivery
ORD10209,2025-06-01,CUST1118,South,Clothing,Jeans,2,1783.05,0.15,3031.18,1795.06,1236.12,Credit Card
ORD10210,2025-06-02,CUST1167,West,Beauty,Moisturizer,2,2686.34,0.05,5104.05,2950.76,2153.29,UPI
ORD10211,2025-06-03,CUST1061,East,Clothing,Kurta,2,4620.09,0.15,7854.15,6439.91,1414.24,UPI
ORD10212,2025-06-03,CUST1207,West,Beauty,Shampoo,3,5011.69,0.05,14283.32,9611.89,4671.43,UPI
ORD10213,2025-06-04,CUST1102,South,Beauty,Shampoo,5,3498.97,0.2,13995.88,10994.93,3000.95,Credit Card
ORD10214,2025-06-05,CUST1146,West,Home & Kitchen,Storage Box,4,2496.61,0.15,8488.47,5774.21,2714.26,Debit Card
ORD10215,2025-06-06,CUST1211,North,Beauty,Perfume,4,1842.97,0.05,7003.29,5595.88,1407.41,Cash on Delivery
ORD10216,2025-06-06,CUST1095,North,Clothing,Jacket,5,3274.94,0.15,13918.5,7984.97,5933.53,UPI
ORD10217,2025-06-07,CUST1044,East,Electronics,Bluetooth Speaker,4,2094.07,0.05,7957.47,4621.58,3335.89,Cash on Delivery
ORD10218,2025-06-08,CUST1165,East,Electronics,Smart Watch,2,3515.34,0.1,6327.61,5068.42,1259.19,Debit Card
ORD10219,2025-06-09,CUST1002,West,Home & Kitchen,Mixer,3,4156.92,0.1,11223.68,9044.3,2179.38,UPI
ORD10220,2025-06-09,CUST1101,South,Sports,Cricket Bat,3,676.65,0.15,1725.46,1095.62,629.84,Credit Card
ORD10221,2025-06-10,CUST1216,East,Electronics,Wireless Headphones,1,306.08,0.0,306.08,197.7,108.38,Credit Card
ORD10222,2025-06-11,CUST1092,East,Home & Kitchen,Storage Box,4,1509.98,0.05,5737.92,3856.81,1881.11,Cash on Delivery
ORD10223,2025-06-11,CUST1151,West,Beauty,Perfume,4,5398.72,0.15,18355.65,12158.12,6197.53,Cash on Delivery
ORD10224,2025-06-12,CUST1116,East,Clothing,T-Shirt,4,3983.86,0.1,14341.9,8623.96,5717.94,Cash on Delivery
ORD10225,2025-06-13,CUST1048,South,Beauty,Perfume,3,1280.17,0.1,3456.46,2739.46,717.0,Debit Card
ORD10226,2025-06-14,CUST1070,West,Clothing,T-Shirt,4,5374.5,0.0,21498.0,13294.21,8203.79,Credit Card
ORD10227,2025-06-14,CUST1116,North,Sports,Cricket Bat,5,2978.75,0.05,14149.06,10476.3,3672.76,Credit Card
ORD10228,2025-06-15,CUST1023,West,Home & Kitchen,Mixer,3,3013.72,0.15,7684.99,4366.09,3318.9,Cash on Delivery
ORD10229,2025-06-16,CUST1092,North,Home & Kitchen,Cookware Set,3,5632.59,0.0,16897.77,9470.57,7427.2,UPI
ORD10230,2025-06-17,CUST1092,South,Electronics,Bluetooth Speaker,1,639.07,0.05,607.12,441.08,166.04,Credit Card
ORD10231,2025-06-17,CUST1184,West,Home & Kitchen,Bedsheet,4,1526.52,0.2,4884.86,3133.81,1751.05,UPI
ORD10232,2025-06-18,CUST1028,East,Sports,Running Shoes,5,3638.9,0.0,18194.5,13226.93,4967.57,Credit Card
ORD10233,2025-06-19,CUST1186,West,Electronics,Power Bank,4,1414.27,0.15,4808.52,2766.75,2041.77,Credit Card
ORD10234,2025-06-19,CUST1091,East,Beauty,Perfume,5,4173.3,0.05,19823.18,15986.6,3836.58,UPI
ORD10235,2025-06-20,CUST1144,East,Home & Kitchen,Mixer,5,1520.33,0.15,6461.4,4859.61,1601.79,Credit Card
ORD10236,2025-06-21,CUST1123,South,Beauty,Shampoo,4,865.19,0.15,2941.65,2313.88,627.77,Cash on Delivery
ORD10237,2025-06-22,CUST1066,North,Beauty,Shampoo,3,1479.82,0.15,3773.54,2214.49,1559.05,Debit Card
ORD10238,2025-06-22,CUST1205,North,Home & Kitchen,Cookware Set,1,2709.58,0.05,2574.1,1638.27,935.83,Cash on Delivery
ORD10239,2025-06-23,CUST1050,South,Clothing,Kurta,1,1303.99,0.1,1173.59,762.19,411.4,Cash on Delivery
ORD10240,2025-06-24,CUST1008,North,Beauty,Perfume,2,1067.74,0.15,1815.16,1261.6,553.56,Cash on Delivery
ORD10241,2025-06-25,CUST1166,East,Electronics,Power Bank,3,5203.61,0.05,14830.29,9345.37,5484.92,Credit Card
ORD10242,2025-06-25,CUST1137,West,Home & Kitchen,Storage Box,4,2126.26,0.05,8079.79,4576.15,3503.64,Cash on Delivery
ORD10243,2025-06-26,CUST1196,West,Electronics,Bluetooth Speaker,3,2356.32,0.0,7068.96,4591.98,2476.98,Cash on Delivery
ORD10244,2025-06-27,CUST1101,South,Beauty,Moisturizer,1,615.04,0.2,492.03,304.43,187.6,Cash on Delivery
ORD10245,2025-06-27,CUST1004,West,Beauty,Perfume,2,2337.01,0.15,3972.92,2599.08,1373.84,Credit Card
ORD10246,2025-06-28,CUST1005,West,Electronics,Smart Watch,5,1809.4,0.1,8142.3,4911.26,3231.04,UPI
ORD10247,2025-06-29,CUST1096,West,Beauty,Shampoo,5,3779.76,0.15,16063.98,9971.11,6092.87,Debit Card
ORD10248,2025-06-30,CUST1055,South,Home & Kitchen,Cookware Set,2,1470.72,0.1,2647.3,1904.14,743.16,Cash on Delivery
ORD10249,2025-06-30,CUST1203,South,Beauty,Moisturizer,5,5363.68,0.1,24136.56,15804.66,8331.9,Cash on Delivery
ORD10250,2025-07-01,CUST1027,West,Electronics,Wireless Headphones,4,5599.1,0.1,20156.76,12965.91,7190.85,Debit Card
ORD10251,2025-07-02,CUST1194,North,Electronics,Power Bank,5,869.04,0.1,3910.68,2714.62,1196.06,UPI
ORD10252,2025-07-03,CUST1048,South,Home & Kitchen,Mixer,5,912.2,0.05,4332.95,3286.12,1046.83,Credit Card
ORD10253,2025-07-03,CUST1027,North,Electronics,Wireless Headphones,4,957.36,0.15,3255.02,2123.23,1131.79,Debit Card
ORD10254,2025-07-04,CUST1061,West,Clothing,Jacket,2,3831.54,0.15,6513.62,4615.75,1897.87,Debit Card
ORD10255,2025-07-05,CUST1032,East,Beauty,Shampoo,4,995.22,0.05,3781.84,3066.6,715.24,Credit Card
ORD10256,2025-07-06,CUST1089,North,Electronics,Smart Watch,2,5158.58,0.1,9285.44,6415.63,2869.81,Credit Card
ORD10257,2025-07-06,CUST1073,North,Beauty,Shampoo,2,4599.35,0.0,9198.7,7318.9,1879.8,UPI
ORD10258,2025-07-07,CUST1117,East,Electronics,Smart Watch,4,4972.91,0.2,15913.31,12162.41,3750.9,Credit Card
ORD10259,2025-07-08,CUST1119,East,Electronics,Wireless Headphones,3,3298.55,0.2,7916.52,4479.59,3436.93,Debit Card
ORD10260,2025-07-08,CUST1001,West,Home & Kitchen,Bedsheet,3,5981.06,0.2,14354.54,9558.07,4796.47,UPI
ORD10261,2025-07-09,CUST1028,South,Beauty,Face Wash,2,551.8,0.05,1048.42,774.31,274.11,Cash on Delivery
ORD10262,2025-07-10,CUST1036,West,Electronics,Bluetooth Speaker,3,2587.21,0.05,7373.55,6019.86,1353.69,UPI
ORD10263,2025-07-11,CUST1043,South,Clothing,Jacket,1,2146.44,0.05,2039.12,1373.88,665.24,Debit Card
ORD10264,2025-07-11,CUST1021,West,Sports,Football,4,5707.28,0.0,22829.12,13127.93,9701.19,Credit Card
ORD10265,2025-07-12,CUST1070,North,Sports,Running Shoes,3,3588.11,0.0,10764.33,7553.79,3210.54,Cash on Delivery
ORD10266,2025-07-13,CUST1121,North,Home & Kitchen,Storage Box,5,4895.29,0.0,24476.45,14298.46,10177.99,Cash on Delivery
ORD10267,2025-07-14,CUST1068,North,Home & Kitchen,Bedsheet,3,1270.94,0.2,3050.26,2296.57,753.69,Debit Card
ORD10268,2025-07-14,CUST1073,South,Clothing,Jeans,3,5878.21,0.0,17634.63,12116.27,5518.36,Debit Card
ORD10269,2025-07-15,CUST1104,West,Beauty,Face Wash,1,3142.25,0.0,3142.25,2342.0,800.25,Debit Card
ORD10270,2025-07-16,CUST1121,North,Home & Kitchen,Cookware Set,1,3113.93,0.15,2646.84,2077.05,569.79,Debit Card
ORD10271,2025-07-16,CUST1073,South,Clothing,Kurta,2,5834.04,0.1,10501.27,7558.98,2942.29,UPI
ORD10272,2025-07-17,CUST1049,North,Electronics,Power Bank,2,2470.17,0.15,4199.29,3004.0,1195.29,Credit Card
ORD10273,2025-07-18,CUST1091,West,Electronics,Wireless Headphones,2,2565.89,0.1,4618.6,3481.2,1137.4,UPI
ORD10274,2025-07-19,CUST1006,East,Sports,Cricket Bat,2,3633.09,0.15,6176.25,4801.8,1374.45,Credit Card
ORD10275,2025-07-19,CUST1109,West,Home & Kitchen,Storage Box,4,1029.9,0.1,3707.64,2909.18,798.46,Debit Card
ORD10276,2025-07-20,CUST1208,East,Home & Kitchen,Storage Box,1,2130.19,0.1,1917.17,1073.3,843.87,UPI
ORD10277,2025-07-21,CUST1088,East,Home & Kitchen,Cookware Set,2,1401.29,0.15,2382.19,1667.94,714.25,UPI
ORD10278,2025-07-22,CUST1024,West,Beauty,Face Wash,1,888.72,0.1,799.85,486.62,313.23,Cash on Delivery
ORD10279,2025-07-22,CUST1156,North,Electronics,Smart Watch,2,5237.02,0.05,9950.34,7784.09,2166.25,Credit Card
ORD10280,2025-07-23,CUST1028,West,Electronics,Power Bank,4,3659.19,0.1,13173.08,9551.37,3621.71,UPI
ORD10281,2025-07-24,CUST1043,East,Clothing,Jacket,1,2344.43,0.05,2227.21,1477.66,749.55,Debit Card
ORD10282,2025-07-24,CUST1033,East,Home & Kitchen,Bedsheet,2,2629.42,0.15,4470.01,2685.53,1784.48,Debit Card
ORD10283,2025-07-25,CUST1195,South,Beauty,Face Wash,1,2759.66,0.05,2621.68,1681.9,939.78,Cash on Delivery
ORD10284,2025-07-26,CUST1216,West,Home & Kitchen,Mixer,5,3908.95,0.05,18567.51,13740.33,4827.18,Cash on Delivery
ORD10285,2025-07-27,CUST1126,South,Home & Kitchen,Cookware Set,4,5582.59,0.05,21213.84,12838.13,8375.71,Cash on Delivery
ORD10286,2025-07-27,CUST1136,North,Sports,Cricket Bat,2,5616.84,0.15,9548.63,5493.02,4055.61,Debit Card
ORD10287,2025-07-28,CUST1143,West,Electronics,Wireless Headphones,1,2531.5,0.05,2404.92,1899.33,505.59,Credit Card
ORD10288,2025-07-29,CUST1135,North,Home & Kitchen,Bedsheet,1,2176.8,0.1,1959.12,1481.75,477.37,Cash on Delivery
ORD10289,2025-07-30,CUST1120,North,Home & Kitchen,Bedsheet,3,2870.97,0.15,7320.97,4421.46,2899.51,Credit Card
ORD10290,2025-07-30,CUST1218,East,Home & Kitchen,Mixer,4,3537.23,0.0,14148.92,8898.6,5250.32,Credit Card
ORD10291,2025-07-31,CUST1162,North,Sports,Yoga Mat,3,2932.36,0.15,7477.52,6075.18,1402.34,Cash on Delivery
ORD10292,2025-08-01,CUST1020,West,Clothing,Jeans,5,4054.89,0.05,19260.73,14276.24,4984.49,Cash on Delivery
ORD10293,2025-08-02,CUST1087,South,Sports,Cricket Bat,2,3460.07,0.05,6574.13,4699.46,1874.67,Credit Card
ORD10294,2025-08-02,CUST1215,North,Clothing,Jacket,2,2128.08,0.1,3830.54,2424.96,1405.58,Debit Card
ORD10295,2025-08-03,CUST1089,West,Home & Kitchen,Cookware Set,3,2270.67,0.2,5449.61,3437.42,2012.19,Cash on Delivery
ORD10296,2025-08-04,CUST1045,East,Home & Kitchen,Cookware Set,2,2457.98,0.05,4670.16,2618.43,2051.73,Cash on Delivery
ORD10297,2025-08-04,CUST1192,South,Sports,Football,5,839.45,0.1,3777.52,2820.64,956.88,UPI
ORD10298,2025-08-05,CUST1138,East,Home & Kitchen,Cookware Set,1,1246.56,0.05,1184.23,665.13,519.1,Debit Card
ORD10299,2025-08-06,CUST1124,East,Clothing,Jeans,3,4421.75,0.1,11938.72,6581.95,5356.77,UPI
ORD10300,2025-08-07,CUST1093,North,Electronics,Smart Watch,3,2517.85,0.1,6798.2,5078.01,1720.19,Cash on Delivery
ORD10301,2025-08-07,CUST1028,West,Clothing,T-Shirt,1,1522.87,0.1,1370.58,1104.96,265.62,UPI
ORD10302,2025-08-08,CUST1085,South,Sports,Running Shoes,3,3507.23,0.1,9469.52,7142.44,2327.08,Cash on Delivery
ORD10303,2025-08-09,CUST1097,East,Electronics,Bluetooth Speaker,3,4606.58,0.0,13819.74,9360.7,4459.04,UPI
ORD10304,2025-08-10,CUST1205,West,Sports,Football,2,1767.31,0.1,3181.16,2167.11,1014.05,Credit Card
ORD10305,2025-08-10,CUST1068,East,Home & Kitchen,Bedsheet,1,5012.7,0.1,4511.43,3012.54,1498.89,UPI
ORD10306,2025-08-11,CUST1033,East,Electronics,Power Bank,1,5586.78,0.1,5028.1,3206.19,1821.91,Cash on Delivery
ORD10307,2025-08-12,CUST1095,South,Clothing,Kurta,1,3705.15,0.0,3705.15,2559.75,1145.4,Credit Card
ORD10308,2025-08-12,CUST1220,North,Home & Kitchen,Mixer,3,4113.0,0.1,11105.1,7400.56,3704.54,Debit Card
ORD10309,2025-08-13,CUST1107,South,Clothing,Jeans,1,599.68,0.1,539.71,384.01,155.7,UPI
ORD10310,2025-08-14,CUST1084,West,Electronics,Power Bank,5,5689.46,0.0,28447.3,22544.27,5903.03,Credit Card
ORD10311,2025-08-15,CUST1147,East,Beauty,Face Wash,2,2537.16,0.05,4820.6,3946.4,874.2,Cash on Delivery
ORD10312,2025-08-15,CUST1143,South,Beauty,Perfume,4,5566.23,0.1,20038.43,11447.17,8591.26,Cash on Delivery
ORD10313,2025-08-16,CUST1066,West,Electronics,Bluetooth Speaker,4,3600.17,0.15,12240.58,8003.68,4236.9,UPI
ORD10314,2025-08-17,CUST1213,West,Clothing,Jeans,3,326.33,0.05,930.04,556.9,373.14,Credit Card
ORD10315,2025-08-18,CUST1131,West,Clothing,Jacket,5,519.69,0.15,2208.68,1424.76,783.92,Credit Card
ORD10316,2025-08-18,CUST1013,South,Beauty,Perfume,1,4178.39,0.1,3760.55,2360.19,1400.36,Debit Card
ORD10317,2025-08-19,CUST1090,East,Beauty,Face Wash,2,3507.21,0.15,5962.26,3560.21,2402.05,Debit Card
ORD10318,2025-08-20,CUST1204,East,Beauty,Face Wash,2,451.23,0.1,812.21,614.27,197.94,UPI
ORD10319,2025-08-20,CUST1087,South,Sports,Cricket Bat,1,4537.72,0.1,4083.95,2793.41,1290.54,Cash on Delivery
ORD10320,2025-08-21,CUST1125,South,Beauty,Perfume,2,5157.23,0.1,9283.01,7409.66,1873.35,UPI
ORD10321,2025-08-22,CUST1135,North,Clothing,T-Shirt,2,3129.58,0.2,5007.33,2798.1,2209.23,Credit Card
ORD10322,2025-08-23,CUST1155,South,Electronics,Bluetooth Speaker,4,2954.82,0.1,10637.35,6042.91,4594.44,Cash on Delivery
ORD10323,2025-08-23,CUST1192,East,Beauty,Face Wash,2,331.2,0.1,596.16,392.8,203.36,Debit Card
ORD10324,2025-08-24,CUST1033,West,Sports,Cricket Bat,5,4783.9,0.1,21527.55,12306.76,9220.79,Credit Card
ORD10325,2025-08-25,CUST1114,West,Sports,Cricket Bat,4,2185.08,0.15,7429.27,4613.11,2816.16,Cash on Delivery
ORD10326,2025-08-26,CUST1118,North,Clothing,T-Shirt,5,5308.95,0.0,26544.75,21666.57,4878.18,Credit Card
ORD10327,2025-08-26,CUST1034,East,Clothing,Kurta,1,2426.45,0.1,2183.8,1324.3,859.5,Debit Card
ORD10328,2025-08-27,CUST1149,North,Electronics,Power Bank,5,3520.94,0.1,15844.23,9561.86,6282.37,UPI
ORD10329,2025-08-28,CUST1026,East,Electronics,Power Bank,4,1840.95,0.2,5891.04,4152.49,1738.55,UPI
ORD10330,2025-08-28,CUST1101,South,Home & Kitchen,Mixer,5,1215.35,0.1,5469.08,3743.36,1725.72,Credit Card
ORD10331,2025-08-29,CUST1073,South,Home & Kitchen,Mixer,2,4716.98,0.1,8490.56,6000.43,2490.13,Debit Card
ORD10332,2025-08-30,CUST1035,East,Clothing,T-Shirt,5,3130.57,0.2,12522.28,8161.0,4361.28,Cash on Delivery
ORD10333,2025-08-31,CUST1181,South,Clothing,Jeans,3,3357.98,0.1,9066.55,7010.49,2056.06,Credit Card
ORD10334,2025-08-31,CUST1054,West,Sports,Yoga Mat,1,5802.87,0.05,5512.73,3238.27,2274.46,Cash on Delivery
ORD10335,2025-09-01,CUST1057,East,Home & Kitchen,Storage Box,3,5792.41,0.05,16508.37,10989.06,5519.31,Debit Card
ORD10336,2025-09-02,CUST1188,West,Sports,Football,1,5177.16,0.0,5177.16,3811.61,1365.55,UPI
ORD10337,2025-09-03,CUST1194,East,Sports,Football,5,1369.37,0.0,6846.85,5370.83,1476.02,Debit Card
ORD10338,2025-09-03,CUST1008,South,Clothing,T-Shirt,2,3687.35,0.1,6637.23,4312.77,2324.46,Debit Card
ORD10339,2025-09-04,CUST1062,West,Clothing,T-Shirt,2,5305.44,0.15,9019.25,6343.16,2676.09,Credit Card
ORD10340,2025-09-05,CUST1156,South,Sports,Football,3,2434.44,0.15,6207.82,3530.19,2677.63,Credit Card
ORD10341,2025-09-06,CUST1172,East,Beauty,Moisturizer,3,876.31,0.0,2628.93,1566.81,1062.12,Credit Card
ORD10342,2025-09-06,CUST1220,North,Clothing,Kurta,1,4922.49,0.1,4430.24,2519.33,1910.91,Debit Card
ORD10343,2025-09-07,CUST1123,North,Beauty,Perfume,5,3046.05,0.05,14468.74,10801.32,3667.42,Debit Card
ORD10344,2025-09-08,CUST1002,East,Home & Kitchen,Mixer,5,3517.04,0.2,14068.16,8831.66,5236.5,Credit Card
ORD10345,2025-09-08,CUST1193,North,Sports,Yoga Mat,4,5898.22,0.05,22413.24,16707.08,5706.16,Credit Card
ORD10346,2025-09-09,CUST1036,West,Clothing,T-Shirt,4,3761.11,0.1,13540.0,7689.74,5850.26,Credit Card
ORD10347,2025-09-10,CUST1027,West,Sports,Yoga Mat,3,2722.38,0.05,7758.78,6074.26,1684.52,Credit Card
ORD10348,2025-09-11,CUST1149,East,Sports,Yoga Mat,3,2408.91,0.1,6504.06,5044.5,1459.56,Credit Card
ORD10349,2025-09-11,CUST1133,East,Electronics,Power Bank,3,2680.43,0.1,7237.16,4154.21,3082.95,Credit Card
ORD10350,2025-09-12,CUST1014,East,Electronics,Bluetooth Speaker,1,974.87,0.15,828.64,461.07,367.57,Debit Card
ORD10351,2025-09-13,CUST1038,North,Home & Kitchen,Storage Box,1,4830.08,0.05,4588.58,2593.46,1995.12,UPI
ORD10352,2025-09-14,CUST1130,South,Electronics,Power Bank,2,5074.99,0.2,8119.98,6337.48,1782.5,Debit Card
ORD10353,2025-09-14,CUST1057,South,Clothing,Jacket,3,1921.06,0.1,5186.86,3181.46,2005.4,UPI
ORD10354,2025-09-15,CUST1151,West,Home & Kitchen,Mixer,1,2031.64,0.15,1726.89,1205.43,521.46,Credit Card
ORD10355,2025-09-16,CUST1091,North,Sports,Running Shoes,1,5283.71,0.15,4491.15,2987.0,1504.15,Cash on Delivery
ORD10356,2025-09-16,CUST1130,South,Sports,Football,5,436.63,0.2,1746.52,1335.72,410.8,Cash on Delivery
ORD10357,2025-09-17,CUST1105,South,Electronics,Wireless Headphones,2,3266.61,0.05,6206.56,4232.89,1973.67,Debit Card
ORD10358,2025-09-18,CUST1081,North,Sports,Yoga Mat,3,2942.95,0.05,8387.41,5746.87,2640.54,Debit Card
ORD10359,2025-09-19,CUST1076,North,Electronics,Bluetooth Speaker,3,4233.72,0.05,12066.1,9858.67,2207.43,UPI
ORD10360,2025-09-19,CUST1154,South,Beauty,Perfume,4,1231.33,0.05,4679.05,2763.14,1915.91,Credit Card
ORD10361,2025-09-20,CUST1114,North,Sports,Football,4,4109.49,0.1,14794.16,11454.97,3339.19,Debit Card
ORD10362,2025-09-21,CUST1131,North,Sports,Football,2,2447.38,0.2,3915.81,2208.41,1707.4,Cash on Delivery
ORD10363,2025-09-22,CUST1128,South,Clothing,T-Shirt,5,3826.67,0.2,15306.68,10392.7,4913.98,Debit Card
ORD10364,2025-09-22,CUST1046,North,Sports,Football,2,528.54,0.1,951.37,750.93,200.44,Cash on Delivery
ORD10365,2025-09-23,CUST1201,East,Electronics,Power Bank,5,2931.85,0.1,13193.32,9625.95,3567.37,Credit Card
ORD10366,2025-09-24,CUST1124,North,Home & Kitchen,Bedsheet,3,3276.83,0.15,8355.92,6141.67,2214.25,UPI
ORD10367,2025-09-24,CUST1158,South,Home & Kitchen,Storage Box,1,1521.66,0.2,1217.33,756.08,461.25,UPI
ORD10368,2025-09-25,CUST1195,South,Clothing,Jacket,4,1095.85,0.05,4164.23,2760.95,1403.28,Debit Card
ORD10369,2025-09-26,CUST1204,West,Electronics,Smart Watch,1,1374.3,0.1,1236.87,802.7,434.17,Debit Card
ORD10370,2025-09-27,CUST1147,East,Beauty,Face Wash,4,2261.6,0.15,7689.44,5311.79,2377.65,Credit Card
ORD10371,2025-09-27,CUST1174,West,Clothing,Jeans,1,851.82,0.05,809.23,546.07,263.16,Cash on Delivery
ORD10372,2025-09-28,CUST1104,South,Beauty,Face Wash,2,5699.72,0.1,10259.5,6548.25,3711.25,Debit Card
ORD10373,2025-09-29,CUST1163,South,Home & Kitchen,Mixer,4,2608.47,0.2,8347.1,5279.37,3067.73,Credit Card
ORD10374,2025-09-30,CUST1071,South,Clothing,T-Shirt,5,4911.13,0.2,19644.52,12135.01,7509.51,UPI
ORD10375,2025-09-30,CUST1157,West,Sports,Cricket Bat,3,5854.18,0.2,14050.03,9112.33,4937.7,Debit Card
ORD10376,2025-10-01,CUST1019,West,Electronics,Bluetooth Speaker,1,760.19,0.15,646.16,381.55,264.61,Debit Card
ORD10377,2025-10-02,CUST1202,West,Beauty,Shampoo,2,4014.52,0.05,7627.59,5991.23,1636.36,UPI
ORD10378,2025-10-03,CUST1054,West,Beauty,Shampoo,5,5267.03,0.05,25018.39,17827.41,7190.98,Credit Card
ORD10379,2025-10-03,CUST1145,East,Clothing,Kurta,4,3915.14,0.1,14094.5,8261.1,5833.4,Credit Card
ORD10380,2025-10-04,CUST1003,East,Clothing,Kurta,1,2745.45,0.1,2470.9,1821.9,649.0,Debit Card
ORD10381,2025-10-05,CUST1035,West,Electronics,Wireless Headphones,2,2757.14,0.1,4962.85,3865.41,1097.44,UPI
ORD10382,2025-10-05,CUST1218,South,Sports,Football,2,504.62,0.1,908.32,557.83,350.49,Cash on Delivery
ORD10383,2025-10-06,CUST1184,South,Sports,Running Shoes,1,3347.22,0.1,3012.5,1779.37,1233.13,Credit Card
ORD10384,2025-10-07,CUST1049,West,Clothing,T-Shirt,5,5963.2,0.15,25343.6,13997.95,11345.65,Credit Card
ORD10385,2025-10-08,CUST1029,South,Electronics,Power Bank,4,5764.63,0.05,21905.59,12327.54,9578.05,UPI
ORD10386,2025-10-08,CUST1180,North,Electronics,Bluetooth Speaker,1,530.28,0.05,503.77,380.75,123.02,Cash on Delivery
ORD10387,2025-10-09,CUST1218,East,Electronics,Wireless Headphones,4,4323.04,0.0,17292.16,14119.75,3172.41,UPI
ORD10388,2025-10-10,CUST1038,South,Sports,Yoga Mat,3,2020.06,0.05,5757.17,3236.21,2520.96,Cash on Delivery
ORD10389,2025-10-11,CUST1147,West,Sports,Yoga Mat,1,5447.04,0.15,4629.98,3481.65,1148.33,Credit Card
ORD10390,2025-10-11,CUST1063,West,Electronics,Smart Watch,3,557.15,0.1,1504.3,856.55,647.75,Cash on Delivery
ORD10391,2025-10-12,CUST1164,South,Beauty,Face Wash,1,5634.48,0.05,5352.76,3799.8,1552.96,UPI
ORD10392,2025-10-13,CUST1093,East,Electronics,Bluetooth Speaker,2,5073.61,0.15,8625.14,6504.57,2120.57,UPI
ORD10393,2025-10-13,CUST1028,West,Clothing,Kurta,5,969.77,0.1,4363.96,2823.42,1540.54,Cash on Delivery
ORD10394,2025-10-14,CUST1072,East,Home & Kitchen,Storage Box,4,641.0,0.0,2564.0,1417.77,1146.23,Cash on Delivery
ORD10395,2025-10-15,CUST1119,North,Beauty,Shampoo,1,5057.83,0.05,4804.94,3414.88,1390.06,Debit Card
ORD10396,2025-10-16,CUST1176,East,Sports,Cricket Bat,5,1187.82,0.05,5642.14,4613.22,1028.92,UPI
ORD10397,2025-10-16,CUST1005,East,Electronics,Bluetooth Speaker,3,3348.92,0.1,9042.08,5602.08,3440.0,Cash on Delivery
ORD10398,2025-10-17,CUST1211,East,Electronics,Wireless Headphones,5,5519.75,0.05,26218.81,15761.77,10457.04,Credit Card
ORD10399,2025-10-18,CUST1143,North,Clothing,T-Shirt,4,3534.45,0.0,14137.8,8248.84,5888.96,Cash on Delivery
ORD10400,2025-10-19,CUST1193,South,Clothing,Kurta,2,2564.23,0.0,5128.46,3589.51,1538.95,Cash on Delivery
ORD10401,2025-10-19,CUST1205,West,Sports,Yoga Mat,3,2836.59,0.1,7658.79,5445.71,2213.08,Cash on Delivery
ORD10402,2025-10-20,CUST1034,North,Beauty,Face Wash,3,659.77,0.0,1979.31,1512.02,467.29,Debit Card
ORD10403,2025-10-21,CUST1021,South,Clothing,T-Shirt,4,5821.89,0.15,19794.43,14911.73,4882.7,Debit Card
ORD10404,2025-10-21,CUST1171,South,Sports,Football,2,2070.73,0.05,3934.39,3112.05,822.34,Debit Card
ORD10405,2025-10-22,CUST1042,North,Home & Kitchen,Cookware Set,2,1379.37,0.1,2482.87,1905.75,577.12,UPI
ORD10406,2025-10-23,CUST1033,North,Home & Kitchen,Bedsheet,2,1930.47,0.1,3474.85,2143.16,1331.69,Credit Card
ORD10407,2025-10-24,CUST1104,South,Home & Kitchen,Cookware Set,2,5796.93,0.1,10434.47,7305.04,3129.43,Debit Card
ORD10408,2025-10-24,CUST1201,West,Electronics,Wireless Headphones,1,837.43,0.0,837.43,527.83,309.6,Cash on Delivery
ORD10409,2025-10-25,CUST1176,North,Sports,Running Shoes,1,5243.63,0.15,4457.09,2848.27,1608.82,Debit Card
ORD10410,2025-10-26,CUST1114,South,Electronics,Wireless Headphones,5,4334.71,0.15,18422.52,14767.95,3654.57,Debit Card
ORD10411,2025-10-27,CUST1044,North,Electronics,Power Bank,1,5031.11,0.0,5031.11,3693.4,1337.71,UPI
ORD10412,2025-10-27,CUST1075,East,Clothing,T-Shirt,5,5862.62,0.05,27847.44,22643.85,5203.59,Credit Card
ORD10413,2025-10-28,CUST1152,South,Clothing,Jeans,1,5100.28,0.2,4080.22,2703.42,1376.8,Debit Card
ORD10414,2025-10-29,CUST1035,West,Electronics,Power Bank,4,5677.28,0.1,20438.21,14206.77,6231.44,Cash on Delivery
ORD10415,2025-10-29,CUST1116,East,Electronics,Bluetooth Speaker,2,1023.53,0.05,1944.71,1325.36,619.35,Credit Card
ORD10416,2025-10-30,CUST1003,West,Beauty,Moisturizer,3,4835.99,0.05,13782.57,7979.66,5802.91,UPI
ORD10417,2025-10-31,CUST1072,East,Sports,Cricket Bat,2,3410.35,0.1,6138.63,3768.56,2370.07,Credit Card
ORD10418,2025-11-01,CUST1055,South,Electronics,Power Bank,3,3397.92,0.15,8664.7,5999.97,2664.73,UPI
ORD10419,2025-11-01,CUST1150,West,Clothing,Jeans,3,5423.85,0.1,14644.4,8320.82,6323.58,Debit Card
ORD10420,2025-11-02,CUST1202,South,Home & Kitchen,Bedsheet,3,5839.28,0.2,14014.27,11232.36,2781.91,Debit Card
ORD10421,2025-11-03,CUST1033,West,Sports,Football,2,4317.58,0.1,7771.64,4534.27,3237.37,Cash on Delivery
ORD10422,2025-11-04,CUST1176,West,Beauty,Shampoo,3,3052.75,0.05,8700.34,5250.26,3450.08,Cash on Delivery
ORD10423,2025-11-04,CUST1145,East,Beauty,Moisturizer,5,2901.5,0.1,13056.75,9879.22,3177.53,UPI
ORD10424,2025-11-05,CUST1214,East,Home & Kitchen,Mixer,3,2502.15,0.05,7131.13,4108.76,3022.37,UPI
ORD10425,2025-11-06,CUST1201,South,Home & Kitchen,Mixer,2,2361.11,0.05,4486.11,3557.82,928.29,Credit Card
ORD10426,2025-11-07,CUST1023,West,Electronics,Power Bank,1,2531.59,0.0,2531.59,1888.41,643.18,UPI
ORD10427,2025-11-07,CUST1164,East,Sports,Cricket Bat,2,811.59,0.05,1542.02,876.68,665.34,Cash on Delivery
ORD10428,2025-11-08,CUST1131,West,Sports,Running Shoes,1,741.39,0.15,630.18,464.32,165.86,UPI
ORD10429,2025-11-09,CUST1025,South,Electronics,Smart Watch,1,4745.26,0.0,4745.26,3419.15,1326.11,UPI
ORD10430,2025-11-09,CUST1057,West,Beauty,Shampoo,5,2842.62,0.1,12791.79,9651.21,3140.58,Cash on Delivery
ORD10431,2025-11-10,CUST1204,South,Electronics,Bluetooth Speaker,1,5604.9,0.1,5044.41,3902.42,1141.99,Cash on Delivery
ORD10432,2025-11-11,CUST1120,North,Beauty,Shampoo,3,3789.66,0.1,10232.08,7612.2,2619.88,UPI
ORD10433,2025-11-12,CUST1075,North,Sports,Running Shoes,5,500.5,0.15,2127.12,1506.57,620.55,Credit Card
ORD10434,2025-11-12,CUST1071,East,Electronics,Bluetooth Speaker,5,1197.88,0.15,5090.99,3243.29,1847.7,Debit Card
ORD10435,2025-11-13,CUST1185,South,Home & Kitchen,Cookware Set,1,1473.17,0.15,1252.19,924.45,327.74,Debit Card
ORD10436,2025-11-14,CUST1063,North,Electronics,Power Bank,1,5861.7,0.0,5861.7,4738.49,1123.21,Cash on Delivery
ORD10437,2025-11-15,CUST1035,South,Home & Kitchen,Mixer,2,1546.61,0.1,2783.9,1972.76,811.14,Credit Card
ORD10438,2025-11-15,CUST1127,East,Sports,Yoga Mat,3,3239.81,0.1,8747.49,6380.18,2367.31,UPI
ORD10439,2025-11-16,CUST1219,South,Electronics,Smart Watch,5,5636.21,0.05,26772.0,17884.35,8887.65,Credit Card
ORD10440,2025-11-17,CUST1041,West,Clothing,Kurta,2,5870.0,0.0,11740.0,8853.75,2886.25,Debit Card
ORD10441,2025-11-17,CUST1057,West,Sports,Cricket Bat,1,1647.25,0.05,1564.89,1282.22,282.67,Debit Card
ORD10442,2025-11-18,CUST1104,East,Clothing,Jeans,2,579.97,0.1,1043.95,619.38,424.57,Debit Card
ORD10443,2025-11-19,CUST1044,West,Electronics,Power Bank,5,1175.53,0.1,5289.88,3198.52,2091.36,Cash on Delivery
ORD10444,2025-11-20,CUST1144,South,Home & Kitchen,Cookware Set,1,660.97,0.05,627.92,436.81,191.11,Cash on Delivery
ORD10445,2025-11-20,CUST1056,North,Home & Kitchen,Mixer,2,1412.21,0.15,2400.76,1632.45,768.31,Credit Card
ORD10446,2025-11-21,CUST1029,North,Beauty,Face Wash,1,3540.85,0.2,2832.68,1995.12,837.56,Credit Card
ORD10447,2025-11-22,CUST1058,West,Clothing,Jacket,1,5500.96,0.05,5225.91,2943.49,2282.42,Debit Card
ORD10448,2025-11-23,CUST1205,West,Sports,Yoga Mat,5,3362.15,0.2,13448.6,8864.71,4583.89,Credit Card
ORD10449,2025-11-23,CUST1206,East,Home & Kitchen,Storage Box,1,3868.14,0.0,3868.14,2736.34,1131.8,Credit Card
ORD10450,2025-11-24,CUST1112,North,Clothing,Jeans,2,1450.64,0.2,2321.02,1643.29,677.73,UPI
ORD10451,2025-11-25,CUST1089,South,Sports,Yoga Mat,5,4863.33,0.2,19453.32,14151.9,5301.42,Credit Card
ORD10452,2025-11-25,CUST1181,North,Sports,Running Shoes,4,3821.4,0.0,15285.6,11379.49,3906.11,Debit Card
ORD10453,2025-11-26,CUST1043,North,Home & Kitchen,Bedsheet,1,5225.58,0.15,4441.74,3212.35,1229.39,Cash on Delivery
ORD10454,2025-11-27,CUST1144,North,Electronics,Smart Watch,3,5708.41,0.2,13700.18,10458.25,3241.93,Cash on Delivery
ORD10455,2025-11-28,CUST1150,East,Home & Kitchen,Storage Box,5,2283.03,0.2,9132.12,6563.12,2569.0,Credit Card
ORD10456,2025-11-28,CUST1157,North,Home & Kitchen,Bedsheet,3,816.3,0.2,1959.12,1361.84,597.28,UPI
ORD10457,2025-11-29,CUST1048,West,Electronics,Smart Watch,3,1587.8,0.1,4287.06,3059.56,1227.5,UPI
ORD10458,2025-11-30,CUST1158,South,Beauty,Shampoo,3,2795.7,0.0,8387.1,4842.06,3545.04,Credit Card
ORD10459,2025-12-01,CUST1135,South,Sports,Football,4,5690.45,0.15,19347.53,12068.07,7279.46,Debit Card
ORD10460,2025-12-01,CUST1193,East,Electronics,Smart Watch,1,2456.37,0.1,2210.73,1530.7,680.03,Cash on Delivery
ORD10461,2025-12-02,CUST1039,West,Beauty,Face Wash,5,4693.41,0.1,21120.34,16594.39,4525.95,Cash on Delivery
ORD10462,2025-12-03,CUST1135,South,Electronics,Smart Watch,5,3380.72,0.1,15213.24,11156.54,4056.7,UPI
ORD10463,2025-12-04,CUST1183,North,Beauty,Perfume,1,1342.01,0.1,1207.81,693.78,514.03,Debit Card
ORD10464,2025-12-04,CUST1062,North,Home & Kitchen,Mixer,5,2128.18,0.05,10108.86,7176.42,2932.44,Credit Card
ORD10465,2025-12-05,CUST1164,West,Electronics,Power Bank,5,4023.19,0.15,17098.56,10427.89,6670.67,UPI
ORD10466,2025-12-06,CUST1022,North,Sports,Cricket Bat,4,4135.26,0.0,16541.04,12375.75,4165.29,Debit Card
ORD10467,2025-12-06,CUST1158,East,Electronics,Bluetooth Speaker,2,2778.13,0.15,4722.82,3652.67,1070.15,UPI
ORD10468,2025-12-07,CUST1134,South,Home & Kitchen,Cookware Set,3,1603.28,0.15,4088.36,2903.69,1184.67,Credit Card
ORD10469,2025-12-08,CUST1043,West,Electronics,Power Bank,5,4414.87,0.1,19866.92,14098.92,5768.0,Debit Card
ORD10470,2025-12-09,CUST1015,North,Sports,Yoga Mat,1,1262.58,0.1,1136.32,728.86,407.46,Credit Card
ORD10471,2025-12-09,CUST1165,West,Beauty,Moisturizer,5,5639.02,0.05,26785.34,17959.24,8826.1,Debit Card
ORD10472,2025-12-10,CUST1054,East,Sports,Running Shoes,5,1371.05,0.2,5484.2,4295.82,1188.38,Credit Card
ORD10473,2025-12-11,CUST1110,South,Home & Kitchen,Cookware Set,4,911.68,0.15,3099.71,2310.2,789.51,Cash on Delivery
ORD10474,2025-12-12,CUST1014,North,Home & Kitchen,Cookware Set,2,3136.59,0.05,5959.52,4114.06,1845.46,UPI
ORD10475,2025-12-12,CUST1212,West,Beauty,Face Wash,3,3261.43,0.05,9295.08,6036.44,3258.64,UPI
ORD10476,2025-12-13,CUST1121,South,Beauty,Face Wash,1,3196.7,0.05,3036.86,1711.58,1325.28,Debit Card
ORD10477,2025-12-14,CUST1205,South,Sports,Yoga Mat,5,2789.0,0.1,12550.5,7387.37,5163.13,Credit Card
ORD10478,2025-12-14,CUST1036,South,Electronics,Bluetooth Speaker,2,5970.44,0.2,9552.7,5751.84,3800.86,Debit Card
ORD10479,2025-12-15,CUST1046,North,Beauty,Moisturizer,1,3071.8,0.15,2611.03,1699.29,911.74,UPI
ORD10480,2025-12-16,CUST1135,South,Electronics,Bluetooth Speaker,4,3024.3,0.05,11492.34,9250.4,2241.94,Debit Card
ORD10481,2025-12-17,CUST1133,North,Clothing,Kurta,4,2704.07,0.15,9193.84,6310.57,2883.27,Cash on Delivery
ORD10482,2025-12-17,CUST1174,North,Sports,Cricket Bat,4,680.91,0.05,2587.46,1587.17,1000.29,UPI
ORD10483,2025-12-18,CUST1205,South,Clothing,Kurta,1,3679.85,0.15,3127.87,1809.64,1318.23,Credit Card
ORD10484,2025-12-19,CUST1181,North,Beauty,Shampoo,4,1599.42,0.05,6077.8,3897.95,2179.85,Cash on Delivery
ORD10485,2025-12-20,CUST1031,South,Home & Kitchen,Bedsheet,4,3934.37,0.1,14163.73,10909.57,3254.16,Debit Card
ORD10486,2025-12-20,CUST1069,West,Clothing,Kurta,4,589.75,0.2,1887.2,1233.29,653.91,UPI
ORD10487,2025-12-21,CUST1202,North,Clothing,Kurta,5,5893.91,0.05,27996.07,21237.16,6758.91,UPI
ORD10488,2025-12-22,CUST1121,North,Home & Kitchen,Cookware Set,2,2973.33,0.1,5351.99,4103.53,1248.46,Cash on Delivery
ORD10489,2025-12-22,CUST1191,North,Beauty,Face Wash,2,5411.51,0.2,8658.42,5021.2,3637.22,Cash on Delivery
ORD10490,2025-12-23,CUST1124,East,Beauty,Perfume,5,3010.7,0.05,14300.82,10215.62,4085.2,Credit Card
ORD10491,2025-12-24,CUST1011,South,Sports,Running Shoes,3,643.89,0.0,1931.67,1562.64,369.03,Credit Card
ORD10492,2025-12-25,CUST1105,South,Sports,Cricket Bat,3,4986.62,0.1,13463.87,8867.0,4596.87,Cash on Delivery
ORD10493,2025-12-25,CUST1182,North,Beauty,Face Wash,2,3994.65,0.05,7589.84,4278.81,3311.03,UPI
ORD10494,2025-12-26,CUST1145,South,Beauty,Moisturizer,4,4756.02,0.0,19024.08,15205.79,3818.29,UPI
ORD10495,2025-12-27,CUST1030,South,Clothing,Kurta,4,2740.57,0.1,9866.05,7780.27,2085.78,Cash on Delivery
ORD10496,2025-12-28,CUST1047,South,Home & Kitchen,Bedsheet,1,3936.24,0.15,3345.8,2311.87,1033.93,UPI
ORD10497,2025-12-28,CUST1188,East,Electronics,Bluetooth Speaker,3,5180.51,0.05,14764.45,10321.95,4442.5,Cash on Delivery
ORD10498,2025-12-29,CUST1216,West,Clothing,Jeans,5,3897.07,0.05,18511.08,11239.37,7271.71,Credit Card
ORD10499,2025-12-30,CUST1166,South,Sports,Football,2,2281.74,0.15,3878.96,2991.65,887.31,Cash on Delivery
ORD10500,2025-12-31,CUST1022,West,Home & Kitchen,Bedsheet,2,4076.42,0.1,7337.56,5023.46,2314.1,UPI
